order,title,uuid
1,"DJ Khaled - I'm the One ft. Justin Bieber, Quavo, Chance the Rapper, Lil Wayne",weeI1G46q0o
2,"French Montana Feat. Swae Lee ""Unforgettable"" Dance Video (Uganda, Africa)",06XLgTrGLjo
3,Future - Mask Off,xvZqHgFz51I
4,French Montana - No Shopping ft. Drake,mDU-5jwPKmQ
5,Lil Uzi Vert - XO TOUR Llif3 (Produced By TM88),Zgmvg-zzctI
6,"Nicki Minaj, Drake, Lil Wayne - No Frauds",VkXjvHfP3MM
7,French Montana - Lockjaw ft. Kodak Black,pIHR7rUeGTc
8,Post Malone - Congratulations ft. Quavo,SC4xMk98Pdc
9,WizKid - Come Closer ft. Drake,vqW18C4plZ8
10,Kygo & Avicii & The Chainsmokers Tropical & Deep House Chillout Mix 2017 | Summer 2017,L_IlbE509gI
11,Travis Scott - goosebumps ft. Kendrick Lamar,Dst9gZkq1a8
12,Chris Brown - Privacy (Explicit Version),Fq0xEpRDL9Q
13,Migos - Slippery feat. Gucci Mane [Official Video],Hm1YFszJWbQ
14,Best Songs Of The 80s ‚ö° 80s Music Hits ‚ö° Greatest Hits Of The 80s,eIqWqM2zUoY
15,French Montana - Bad B*tch ft. Jeremih,2yfjYdRWd5E
16,"French Montana - Moses ft. Chris Brown, Migos",9dz6aDhAqmY
17,YFN Lucci - Everyday We Lit (Official Video) ft. PnB Rock,44Vk5KyQbiA
18,Jason Derulo - Swalla (feat. Nicki Minaj & Ty Dolla $ign) (Official Music Video),NGLxoKOvzu4
19,"French Montana - Figure it Out ft. Kanye West, Nas",CNUd4kZqjyA
2,KYLE - iSpy (feat. Lil Yachty) [Official Music Video],5XK4v2fgMPU
6,Bruno Mars - That‚Äôs What I Like [Official Video],PMivT7MJ41M
8,"Luis Fonsi, Daddy Yankee - Despacito (Audio) ft. Justin Bieber",72UO0v5ESUo
9,French Montana - Unforgettable ft. Swae Lee,CTFtOOh47oo
10,Lil Uzi Vert - Do What I Want [Official Music Video],zqflC-as2Qo
11,Do You Mind,_xGhK6qgPtM
12,Chance the Rapper ft. 2 Chainz & Lil Wayne - No Problem (Official Video),DVkkYlQNmbc
15,"Chris Brown - Party (Official Video) ft. Gucci Mane, Usher",Z9eMk051dYg
16,DJ Khaled - Shining ft. Beyonce & Jay Z,nD92-vOEUG8
17,"DJ Khaled - Hold You Down ft. Chris Brown, August Alsina, Future, Jeremih",fxPBu_vX9Q0
18,Justin Bieber - Company,gdx7gN1UyX0
19,Migos - Bad and Boujee ft Lil Uzi Vert [Official Video],S-sJp1FfG7Q
4,"Migos ""Get Right Witcha"" (WSHH Exclusive - Official Music Video)",bre7rg2-RJs
7,Luis Fonsi - Despacito ft. Daddy Yankee,kJQP7kiw5Fk
12,Sean Paul - Body ft. Migos,xiecZPzJoCQ
15,The Weeknd - Reminder,JZjAg6fK-BQ
16,Rae Sremmurd - Swang,dmJefsOErr0
18,J Hus - Did You See (Official Video),3rk6_Ax0mQo
19,"Cardi B ""Red Barz"" (WSHH Exclusive - Official Music Video)",1nFwjck_bY4
2,Future - Mask Off (Remix) (Audio) ft. Kendrick Lamar,nrjPzPc1JiY
8,Future - Low Life ft. The Weeknd,K_9tX4eHztY
9,Future - Mask Off (Remix) Feat. Kendrick Lamar,CRWI4CgC138
11,Future - Mask Off (Audio),FHkMT1Vxi5I
12,Future - Draco,OnhXkCPMeMc
15,Migos - T-Shirt [Official Video],1VUa99-tJqs
16,Future - Wicked,3gt-rxxs-RQ
17,Future - Used to This ft. Drake,SZDmuHSqwtg
18,Future - F*ck Up Some Commas,wKl6umkwKfU
1,Tyga - 1 of 1,p8_A9x3NCu4
4,"YG - Why You Always Hatin? ft. Drake, Kamaiyah",HkVS79y4p4Y
9,Rick Ross - Stay Schemin ft. Drake & French Montana [OFFICIAL VIDEO],v-QTu118AFw
11,Post Malone - White Iverson,SLsTskih7_I
12,Niykee Heaton - Bad Intentions ft. Migos,5uUApCWptYE
15,ScHoolboy Q - THat Part ft. Kanye West,uQ_DHRI-Xp0
16,Usher - No Limit ft. Young Thug,3w0yqAdJ1iY
17,PARTYNEXTDOOR - Recognize ft. Drake [Official Music Video],WsPfSXJaelk
18,The Game - All Eyez ft. Jeremih,BeOQNHXobpQ
2,A Boogie Wit Da Hoodie - Drowning (WATER) ft Kodak Black [Official Audio],rvaJ7QlhH0g
7,KYLE - iSpy (feat. Lil Yachty) [Lyric Video],4is83n8xfLY
8,LYRIC PRANK ON MY EX-GIRLFRIEND! XO TOUR LIF3- Lil Uzi Vert Prank (GONE RIGHT!!) (REVENGE),GFDDl5sWI90
10,"Mr. Johnson's Choir Concert Performs ""XO Tour Llif3"" by Lil Uzi Vert and ""Masked Off"" by Future",lPjCZhRsaAU
12,XXXTENTACION - Look At Me (Prod. by Rojas & Jimmy Duval),Wmjpp0_6kb0
13,Lil Uzi Vert - XO TOUR LIFE PARODY (AFRICAN VERSION),VKpcHzrncNQ
15,"Playboi Carti x Lil Uzi Vert ""Woke Up Like This"" (WSHH Exclusive - Official Audio)",cwqtK2wSjpY
16,Gucci Mane Both feat. Drake [Official Audio],eu1AHz4MV2g
2,Katy Perry - Bon App√©tit (Official) ft. Migos,dPI-mRFEIH0
4,David Guetta ft Nicki Minaj & Lil Wayne - Light My Body Up (Official Video),KYgvXjtGcmg
6,Ellen's Role in Nicki Minaj's Feud,e4uLHNrWnJY
7,Gucci Mane & Nicki Minaj - Make Love [Official Music Video],vSZ78KaaAyo
8,Nicki Minaj - High School ft. Lil Wayne,-_No-OuDOnM
9,Nicki Minaj - The Night Is Still Young,IvN5h9BE444
10,"Nicki Minaj, Cassie - The Boys (Explicit)",kXFcr6oy5dk
11,"Fat Joe, Remy Ma - Money Showers (Official Video) ft. Ty Dolla $ign",bR0JkeEdkdE
12,"Remy Ma Reacts To Nicki Minaj's ""No Frauds"" Video Just As Expected",4MZwZYEmcDc
13,Nicki Minaj - Lookin Ass (Explicit),2mwNbTL3pOs
14,Nicki Minaj - Super Bass,4JipHEz53sU
17,"Nicki Minaj - Only (Lyric) ft. Drake, Lil Wayne, Chris Brown",BU769XX_dIQ
1,"Kodak Black ""Like Dat""",6_mWyjJQxWg
4,"Kodak Black ""Everything 1K"" (Starring Danielle Bregoli ""Cash Me Ousside"") (WSHH Exclusive)",AYyPqme2wZU
6,Kodak Black - Skrilla,SmwmZfMooSo
9,Tee Grizzley - First Day Out (Official Music Video),F4oGd60G--Q
10,"French Montana - Off The Rip ft. Chinx, N.O.R.E.",xXlAmRM_4yY
13,Kodak Black - There He Go [Official Music Video],nIEUJouS_Ig
15,Kodak Black - Too Many Years (feat. PNB Rock) [Official Music Video],HnCiU8mcPWs
17,A$AP Mob - Yamborghini High ft. Juicy J,tt7gP_IW-1w
18,"2 Chainz - Good Drank ft. Gucci Mane, Quavo",hXs1fWCgOW4
5,Post Malone - Go Flex (Official),tQjsAJhsSw8
11,Khalid - Location,by3yRdlQvzs
13,How I surprised Post Malone with a mariachi band,a4ysejgZiuE
14,Childish Gambino - Redbone (Official Audio),Kp7eSUU9oy8
16,Amin√© - Caroline,3j8ecF8Wt4E
17,Big Sean - Bounce Back,phr1pOFK1V8
2,Davido - If,helEv0kGHd4
4,Popcaan x Drake - My Chargie,dHu6jUHOydE
6,"Drake - One Dance ft. Wizkid, Kyla (Performance Edit)",PZTpM8i_sh4
10,"Mr Eazi - Leg Over ( Vibez Video ) ft Wizkid , Eddie Kadi & Maleek Berry",v15sS1sL_S4
11,Sean Paul - Tek Weh Yuh Heart ft. Tory Lanez,e7Cp4FfZg30
12,Korede Bello  - Do Like That ( Official Music Video ),hJBi780qFas
16,Wizkid - Final (Baba Nla),srwAd1iR5qI
17,Maleek Berry - Kontrol (Official Video),Si0ZHJdlu9M
1,Best Vocal Deep House Chillout Mix 2017 | May 2017,26AkheFoCd0
2,Summer Love Paradise 2017 - The Best Of Vocal Deep House Music Chill Out - Mix By Regard #8,LIcBIQjrptI
3,Best Female Vocal Dubstep Mix | Summer 2017,kBFktrcVQM0
4,"Kygo,The Chainsmokers ft. Miley Cyrus - Holidays (Summer New Best Tropical Deep House Mix 2017)",6Y86PSkxhlU
5,Deep Is The Answer | Deep House Set | 2017 Mixed By Johnny M,eM2IXmfFWEM
6,Kygo & Avicii & The Chainsmokers Tropical & Deep House Chillout Mix 2017 | April 2017,86aNBxcK5mA
7,"Kygo, Martin Garrix ft. Justin Bieber - Inside Out",u67NvEEJXM4
8,"CHILL OUT MUSIC MIX 2017 | BEST SUMMER CHILL OUT MIX | KYGO, ED SHEERAN, THE CHAINSMOKERS",HaAsLRXQsL4
9,"Deep House Summer Mix 2017 | Kygo, The Chainsmokers ft. Ed Sheeran Chillout Remixes Tropical House",zryaBcZGo8k
10,Kygo Mix 2017 | Summer Mix - Best Of Tropical Deep House Music Chill Out Mix.,Mr8a1LJg6DI
11,Best of Kygo Mix 2016,6VE33eYgVzw
12,Summer Paradise 2017 - The Best Of Deep House Music Chill Out - Mix By Regard #6,MEF-05ZDdHU
13,Kygo & Avicii & The Chainsmokers Tropical & Deep House Chillout Mix 2017 | May 2017,Vnoo9UAC1o0
14,Kygo & Friends | Summer 2017 Tropical & Deep House Mix,kQBgSFxnM78
15,Best Deep House Chillout Music Mix 2017 | Vocal Deep House | April 2017,2IgLnzHRwG8
16,"Best Gaming Mix 2017 üéÆ  Electro, House, Dubstep, Drumstep, Trap üéÆ  May 2017",LNdmlhjm9mk
17,Kygo & Avicii & The Chainsmokers Tropical & Deep House Chillout Mix 2017 | May 2017,0xotjCG7Ngg
18,Best Vocal Dubstep Mix 2017 | Melodic Dubstep Mix April 2017,kDXy8idat0w
19,"Best Summer Mix 2017(Kygo, The Chainsmokers, Stoto, ATB, Merrick Lowell)",e_j70hHSKXM
20,"Deep House 2017 #3 [Perfect Life] The Best of Vocal Deep House, Tropical & Chill Out Music 2017",glDT_mJjfDg
4,Travis Scott - beibs in the trap ft. NAV,zmFm9Yp80dE
5,Kendrick Lamar - DNA.,NLZRYQMLDW4
8,6LACK - Prblms (Official Video),fS9m0Ac8PCU
5,Chris Brown - Grass Ain't Greener,elsAYGFVMdY
6,Trey Songz ‚Äì Nobody Else But You [Official Music Video],3v5HZTwFBCs
8,"Chris Brown, Tyga - Ayo (Explicit)",zKCrSN9oXgQ
9,Jacquees - B.E.D.,ul1H_p_FeaA
10,"Jeremih - I Think Of You ft. Chris Brown, Big Sean",v4R7Q9SAcvM
11,Chris Brown - Little More (Royalty) [Explicit Version],IajZTuxdv3Q
12,Chris Brown - Picture Me Rollin' (Explicit Version),YvC84NpZ3Y4
13,Chris Brown - Grass Ain't Greener (Audio),pmrTPAejtAw
14,Chris Brown - Fine China (Official Video),iGs1gODLiSQ
15,Kid Ink - Show Me (Explicit) ft. Chris Brown,xKkb13IU_DE
16,Kehlani - Distraction [Official Video],HPHbeSGVKJo
17,"Chris Brown performs ""Privacy"" live (Party Tour 2017)",ESZVXDXGpOw
18,"Keyshia Cole - You ft. Remy Ma, French Montana",kl6t9j1qwlU
1,Migos - Get Right Witcha [Official Video],HeyfOEb7ET0
10,Lil Yachty - Peek A Boo ft. Migos,c8OG5ffqfoE
14,Migos - What The Price [Official Video],bqlzoxTvOkE
17,Migos - Handsome and Wealthy (Official Music Video),5lNyCSeO3BM
18,Migos - Kelly Price ft Travis Scott [Audio Only],epgGD9j7FGM
1,Best Rock Songs Of The 80s | Greatest Classic Rock Songs Of All Time,XMqxvOcCMCM
2,Summer Rock Songs Top 100 Greatest Hits - Best Classic Rock Songs For Summer 2017,EMzF0R5qH7U
3,Best of 80s Mix - Hits & Dance songs,GkisicWhoyA
4,Best Of 70's Rock Songs ‚ö° 70's Rock Music Hits ‚ò†  Greatest Rock Songs Of The 1970,dRn3GMhY258
5,Best of 90s Mix ‚ö° 90s Music Greatest Hits ‚ö° Best Songs of The 1996,72Kzbnbfegw
6,Classic Rock Greatest Hits 70s and 80s || Best Rock Music Hits Playlist,ze2B0WL1rT8
7,Best of 80s Rock - 80s Rock Music Hits - Greatest 80s Rock songs,-Twh_wdRYI8
8,Greatest Hits Of The 80s - 80s Music Hits - Best Songs Of The 80s,b3ovqFM1Ab0
9,üòç Classic Rock Of The 70's - 80's - 90's üòç Best Classic Rock Playlist Full Songs,4QPyI_MzEEM
10,"SUMMER MIX PARTY 2017 | BEST OF SUMMER TROPICAL DEEP HOUSE MUSIC MIX 2017 | KYGO, SELENA GOMES",ilYdNqYHHqA
11,Greatest Love Songs - Best Country Love Songs Ever - Greatest Country Of All Time,9TTveQB1Mso
12,Best Songs Of The 70s and 80s ‚ö° 70s & 80s Greatest Hits ‚ö° Back To The 70s 80s,41AN0EcHohw
13,80s Music - 80's Classic Hits Nonstop Songs - Greatest Music hits of the 80's,BVSP0MN_kBU
14,Country Greatest Hits Full Album  - Best Classic Country Songs Of 60s 70s 80s 90s,s-oYgnq7grk
15,The 100 Greatest Soul Songs Of The 80's | Best Soul Music Of All Time Full Playlist,DOxYFfcaTms
16,80's ONE HIT WONDERS MEGA MIX,b5dFBuxpoN4
17,Best of 80s Mix - Hits & Love songs III,ixy460zkllA
18,Best of 90s Mix ‚ö° 90s Music Greatest Hits ‚ö° Best Songs of The 1997,Gz5_dPn8D7E
19,Best Songs Of The 80s -  Mega 80s Music - 80s Greatest Hits,3SjKaleF8F0
20,Best of 90s Mix ‚ö° 90s Music Greatest Hits ‚ö° Best Songs of The 1995,dV4bNc_72M0
1,"Big Sean - Blessings (Explicit) ft. Drake, Kanye West",M6t47RI4bns
4,Bobby Shmurda - Hot N*gga,vJwKKKd2ZYE
6,French Montana - Don't Panic,sVReXN2sFck
7,The Game - Ryda ft. Dej Loaf,095Jdku7wo8
8,Meek Mill Ft. Nicki Minaj & Chris Brown - All Eyes On You (Official Video),ut9ThAbfde0
10,Omarion Ft. Chris Brown & Jhene Aiko - Post To Be (Official Video),aPxVSCfoYnU
12,T.I. - No Mediocre (Explicit) ft. Iggy Azalea,qdsTUfDTEhQ
13,Jeremih - Down On Me ft. 50 Cent,AaXaig_43lU
14,P Reign feat. Drake & Future - DnF (Explicit),rtodyi12q-4
15,"DJ Khaled - How Many Times (Official Video) ft. Chris Brown, Lil Wayne, Big Sean",4YqV8n_kfsU
16,"Ty Dolla $ign - Or Nah ft. The Weeknd, Wiz Khalifa & DJ Mustard [Music Video]",TUj0otkJEBo
17,Tyga - Hookah ft. Young Thug,b-J95fYuVz4
18,"Fat Joe, Remy Ma - All The Way Up ft. French Montana, Infared",y2ak_oBeC-I
19,Lil Durk - Like Me (Explicit) ft. Jeremih,vYuSRTDOa8c
1,"DJ Khaled - Gold Slugs (Official Video) ft. Chris Brown, August Alsina, Fetty Wap",ia9rPW8yXqE
5,"French Montana ""Hold Up"" Feat. Chris Brown & Migos (WSHH Exclusive - Official Music Video)",PC8nERf9OSw
8,"Fabolous ""She Wildin"" featuring Chris Brown (Official Video, Dir Gerard Victor)",CCOHZ8uWhu0
12,"YFN Lucci - Key To The Streets (Official Video) ft. Migos, Trouble",az_X1C4KVBI
14,Rick Ross - Sorry (Explicit) ft. Chris Brown,-XLQb_tKOfQ
16,Chris Brown - Wrist (Explicit Version) ft. Solo Lucci,O5spyXNcauQ
19,K Camp - 1Hunnid ft. Fetty Wap,OGIDZ_6B3cE
7,YFN Lucci - Heartless (Audio) ft. Rick Ross,lgaOCCohwfg
8,PnB Rock - Unforgettable (Freestyle),NahQKl3z3mg
9,YFN Lucci - Woke Up (Boss) (Official Video),__G4gkTnQNY
10,"PnB Rock, Kodak Black & A Boogie ‚Äì Horses (from The Fate of the Furious: The Album) [OFFICIAL AUDIO]",aMimIZJiMp0
13,YFN Lucci - Been Broke Before (Official Video),MogxMUDzk48
15,"Yo Gotti x YFN Lucci ""They Like"" (WSHH Exclusive - Official Audio)",cFVJtbpOqXY
17,YFN Lucci - YFN (Official Video),FJ6PpLZP3is
18,YFN Lucci - Ammunition ft. YFN Trae Pound,JGDhj19Idjk
4,Ed Sheeran - Shape of You [Official Video],JGwWNGJdvx8
5,Fergie - M.I.L.F. $,bsUWK-fixiA
7,Clean Bandit - Rockabye ft. Sean Paul & Anne-Marie [Official Video],papuvlVeZg8
8,"Jason Derulo - ""Talk Dirty"" feat. 2 Chainz (Official HD Music Video)",RbtPXFlZlHg
9,Top 10 Swalla Challenge - Musically Compilation 2017 - #SwallaChallenge #Swalla,FUpM2njLrk8
10,Pitbull & J Balvin - Hey Ma ft Camila Cabello (Spanish Version | The Fate of the Furious: The Album),UWLr2va3hu0
11,Maroon 5 - Cold ft. Future,XatXy6ZhKZw
12,Little Mix - Touch (Official Video),gBAfejjUQoA
13,"Jason Derulo - ""Get Ugly"" (Official Music Video)",S2lgnitdPdc
14,Bebe Rexha - I Got You [Official Music Video],uEJuoEs1UxY
15,"Jason Derulo - ""If It Ain't Love"" (Official Music Video)",hmZ6ziQJByY
17,Katy Perry - Chained To The Rhythm (Official) ft. Skip Marley,Um7pMggPnug
18,"Jason Derulo ""Trumpets"" (Official HD Music Video)",oOAfz0H4f00
4,"JAY Z, Kanye West - Otis ft. Otis Redding",BoEKWtgJQAU
8,French Montana: MC4,C_fHsvnpu-M
10,Kanye West - Fade (Explicit),IxGvm6btP1A
12,French Montana - Blas√© (Remix),HP1S8W5U0Dk
18,Desiigner - Panda,E5ONTXHS2mM
19,"Pusha T - M.P.A. (Explicit) ft. Kanye West, A$AP ROCKY, The-Dream",R0NpahenvAg
2,Big Baby D.R.A.M. - Broccoli feat. Lil Yachty (Official Music Video),K44j-sb1SRY
5,Ayo & Teo - Rolex | Prod. BL$$D & BackPack Miller | #rolexchallenge,rCx4NFNuYgI
7,RiceGum - I Didn't Hit Her (TheGabbieShow Diss Track) (Official Music Video),IAXcT5ZRzq8
10,"I Spy, T Shirt, Isn't She Lovely, & Swang MASHUP | Alex Aiono Mashup FT AR'MON AND TREY",GqzoVWjvGjU
14,Lil Dicky - $ave Dat Money feat. Fetty Wap and Rich Homie Quan (Official Music Video),yvHYWD29ZNY
1,Bruno Mars - 24K Magic [Official Video],UqyT8IEBkvY
3,Bruno Mars - That's What I Like (Best of #DanceWithBruno Musical.ly Compilation),55AUYnFKJGQ
5,Bruno Mars Carpool Karaoke,AFxCO_DyzYM
7,Bruno Mars - Just The Way You Are [OFFICIAL VIDEO],LjhCEhWiKXk
8,Bruno Mars - The Lazy Song [OFFICIAL VIDEO],fLexgOxsZu0
12,That's What I Like / Bad & Boujee (MASHUP) @TheKingOfWeird,45tjpv822Aw
13,Bruno Mars - Grenade [OFFICIAL VIDEO],SR6iYWJxHqs
14,James Arthur - Say You Won't Let Go,0yW7w8F2TVA
16,Bruno Mars - Treasure [Official Music Video],nPvuNsRccVw
17,Bruno Mars - Chunky [Official Audio],oacaq_1TkMU
3,"Luis Fonsi, Daddy Yankee - Despacito Ft. Justin Bieber",68Y2lLkUWlo
4,"The Voice 2017 Mark Isaiah, Luis Fonsi & Daddy Yankee - Finale: ‚ÄúDespacito‚Äù",T--VFcUUPrg
8,Miley Cyrus - Malibu (Official Video),8j9zMok6two
9,Justin Bieber - Despacito (Purpose Tour Live) ft. Luis Fonsi #BUTERAMUSIC,V7MvgS9kWME
10,Shakira - Chantaje (Official video) ft. Maluma,6Mgqbai3fKo
11,DJ Snake ft. Justin Bieber - Let Me Love You [Lyric Video],SMs0GnYze34
12,"Luis Fonsi, Daddy Yankee - Despacito (letra official) ft. Justin Bieber - lyrics official.",zlabsbE4aiQ
13,"LUIS FONSI, DADDY YANKEE FT. JUSTIN BIEBER - DESPACITO | Coreografia de @leocosta.oficial",TSqoYlD9Zpw
14,Shawn Mendes - There's Nothing Holdin' Me Back (Lyric Video),A7xzXDStQnk
15,Luis Fonsi - Despacito ft. Daddy Yankee & Justin Bieber (SING OFF vs. Pixie Lott),h6vj8Ryu0LI
16,Major Lazer - Cold Water (feat. Justin Bieber & M√ò) (Official Lyric Video),a59gmGkq_pw
18,Christian Nodal - Adi√≥s Amor,ETLoTxVVvjM
3,Lil Uzi Vert - Money Longer,1eoSanFCU-M
9,Lil Uzi Vert - Erase Your Social [Produced By Don Cannon + Lyle LeDuff],WxL2au41cnk
10,Lil Uzi Vert Responds to the Internet Roasting His Shirt,0BZ-hWydJfc
13,"Lil Uzi Vert, Quavo & Travis Scott - Go Off (from The Fate of the Furious: The Album) [MUSIC VIDEO]",0TxcJ3Ud-To
14,"DJ ESCO - Too Much Sauce ft. Future, Lil Uzi Vert",Ekqu_Ku7nuY
16,"Russell Westbrook 2017 Motivational Mix ""NOW I DO WHAT I WANT"" ft. Lil Uzi Vert",J2G2lz6-lrA
19,Lil Uzi Vert - SideLine Watching (Hold Up) [Produced By Zaytoven],kIwU-nOueWw
6,Do You Mind (Live at the AMA's),5Tf1wJwvzcc
11,DJ Khaled - Nas Album Done ft. Nas,zQhy9eE8MBg
13,August Alsina Kissin On My Tattoos Lyrics,IxC3EsQ10pE
14,Nicki Minaj - Right By My Side (Explicit) ft. Chris Brown,he3DJLXbebI
16,Dreezy - Body ft. Jeremih,rfcFwk37Bls
17,"DJ Khaled - I Wanna Be With You (Explicit) ft. Nicki Minaj, Future, Rick Ross",-fZ7Gb532Ew
1,Chance The Rapper ft. Saba - Angels,eedeXTWZUn8
4,Chance the Rapper - Same Drugs (Official Video),be37-T72DNk
9,Chance the Rapper Performs 'No Problem' with Lil Wayne and 2 Chainz!,rgUp1e-2UTM
10,Chance the Rapper- Coloring Book (Chance 3) [Full Album],H6C0dfq4ZWM
16,The Evolution of Chance The Rapper,Low230tMtmM
17,Chance the Rapper: Blessings (Reprise),0j8frgmdvgc
10,Chris Brown - Liquor / Zero (Explicit Version),KAfOI37aK4A
13,"Chris Brown Dances To ""Mask Off"" With Future & Usher",iQHNxlnf9I8
16,Chris Brown - Love More (Explicit) ft. Nicki Minaj,Tff2oE31Mlw
17,Chris Brown - Turn Up the Music,eQWG8BVeryU
18,Chris Brown - Yeah 3x,3mC2ixOAivA
4,Beyonc√© - Formation,WDZJPJV__bQ
5,DJ Khaled Feat. Beyonc√© & Jay-Z - JR Taylor Choreography,8IjSllhWyBY
11,Major Lazer - Run Up (feat. PARTYNEXTDOOR & Nicki Minaj) (Official Lyric Video),LKroRc-gZVA
13,"DJ Khaled - I Got the Keys ft. Jay-Z, Future",SFLSOIufuhM
18,Beyonce - Shining ft. Jay Z & DJ Khaled video (OFFICIAL) NEW MUSIC!! 2017 MASHUP,UjuVQbeTfn4
7,"DJ Khaled - I'm On One (Explicit Version) ft. Drake, Rick Ross, Lil Wayne",Z09lYqdxqzo
8,Ciara - I Bet,okGcksYM0N8
10,Trey Songz - Na Na [Official Video],v0Gu_Yh_keE
11,Future - Neva End (Remix) ft. Kelly Rowland,S0AFEZ07d90
12,Take It To The Head (Explicit),-p0bNOxBhgc
14,Wale Ft. Usher - Matrimony   (Official Video),XNwwZ56xz8A
16,Jeremih Feat. YG - Don't Tell 'Em - New 2014 - [With Lyrics] - [HD],9ycBvqm9LFQ
17,"Sean Kingston - Beat It ft. Chris Brown, Wiz Khalifa",uF4tsdbj0vY
18,Jamie Foxx - You Changed Me (Explicit) ft. Chris Brown,I26EwcssMbY
19,Sevyn Streeter - It Won't Stop ft. Chris Brown [Official Video],XgFiWGIVP6s
1,Justin Bieber - I'll Show You,PfGaX8G0f2E
2,Justin Bieber - Love Yourself (Live From The 2016 Radio Disney Music Awards),OeYqc8P9hbU
4,Justin Bieber - Love Yourself  (PURPOSE : The Movement),oyEuk8j8imI
6,Justin Bieber - Beauty And A Beat ft. Nicki Minaj,Ys7-6_t7OEQ
7,"Skrillex and Diplo - ""Where Are √ú Now"" with Justin Bieber (Official Video)",nntGTK2Fhb0
8,Justin Bieber - PURPOSE : The Movement,O9Ja9TTQt00
9,Dj Snake - Let Me Love You ft Justin Bieber,Mrmv1gCEMRk
10,Justin Bieber - Purpose (PURPOSE : The Movement),Ca1i6DZC3iY
11,Justin Bieber - Boyfriend,4GuqB1BQVr4
12,Justin Bieber - Sorry (PURPOSE : The Movement),fRh_vgS2dFE
14,"Major Lazer - Cold Water (Dance Video) ft. Justin Bieber, M√ò",fMvIARf_SUU
15,DJ Snake - Let Me Love You ft. Justin Bieber,euCqAq6BRa4
16,Calvin Harris - This Is What You Came For (Official Video) ft. Rihanna,kOkQ4T5WO9E
17,Justin Bieber - Mistletoe,LUjn3RpkcKY
18,ZAYN - PILLOWTALK,C_3d6GntKbk
1,21 Savage & Metro Boomin - No Heart (Official Music Video),6wtwpUwxQik
3,Rae Sremmurd - Black Beatles ft. Gucci Mane,b8m9zhNAgKs
15,Kevin Gates - 2 Phones (Official Video),oiY_iKSpWLM
18,The Weeknd - Starboy (official) ft. Daft Punk,34Na4j8AVgA
7,MIGOS - NO LABEL 3 [FULL MIXTAPE] [NEW 2017],iKJMAspoXxs
9,"Rich The Kid, Famous Dex & Jay Critch ""Rich Forever Intro"" (WSHH Exclusive - Official Music Video)",y0nJFZy7ztk
15,Hot R&B / Hip-Hop | Billboard | 4REAL (Podcast 21/2017),s2kSi2Ug4vw
16,"Offset ""Monday"" (WSHH Exclusive - Official Audio)",_KiqmTm6WXE
17,"Rick Ross - Trap Trap Trap ft. Young Thug, Wale",MJYcQaAlLFQ
3,CNCO - Reggaet√≥n Lento (Bailemos),7jpqqBX-Myw
5,"Enrique Iglesias - Bailando (Espa√±ol) ft. Descemer Bueno, Gente De Zona",NUsoVlDFqZg
6,Ricky Martin - Vente Pa' Ca (Official Video) ft. Maluma,iOe6dI2JhgU
7,"Enrique Iglesias - SUBEME LA RADIO (Official Video) ft. Descemer Bueno, Zion & Lennox",9sg-A-eS6Ig
8,Gente de Zona - La Gozadera (Official Video) ft. Marc Anthony,VMp55KH_3wo
9,05. El Amante - Nicky Jam (Video Oficial)  (√Ålbum F√©nix),YG2p6XBuSKA
10,22. Hasta el Amanecer - Nicky Jam | Video Oficial,kkx-7fsiWgg
12,Despacito - Luis Fonsi En Vivo | Miss Colombia 2017 HD,cSEFT41noiE
15,Ozuna - Dile Que Tu Me Quieres (Video Oficial),WAcnWtZjDWE
16,Arcangel x Bad Bunny - Tu No Vive Asi [Video oficial],CUYrEiymUMY
17,"Carlos Vives, Shakira - La Bicicleta (Official Video)",-UV0QGLmYys
18,Despacito - Luis Fonsi (ft. Daddy Yankee) - Marlon Alves Dance MAs,Q4a9uwV4nmo
19,"J Balvin - Safari ft. Pharrell Williams, BIA, Sky",JWESLtAKKlU
5,Sean Paul - No Lie ft. Dua Lipa,GzU8KqOY8YA
10,Beyonc√© - Baby Boy ft. Sean Paul,8ucz_pm3LX8
14,Sean Paul - Give It Up To Me (Feat. Keyshia Cole) (Disney Version for the film Step Up),bMoNV9oWs2E
1,The Weeknd - Party Monster,diW6jXhLE0E
2,The Weeknd - I Feel It Coming ft. Daft Punk,qFLhGq0060w
4,NAV - Some Way ft. The Weeknd,MRLyREkZles
7,The Weeknd - Often (NSFW),JPIhUaONiLU
8,The Weeknd - The Hills,yzTuBuRdAyA
9,The Weeknd - Wicked Games (Explicit),O1OTWCd40bc
11,The Weeknd - King Of The Fall,ZXBcwyMUrcU
12,Belly - Might Not ft. The Weeknd,u1YRjCTxR80
17,SELENA GOMEZ TALKING ABOUT HER NEW BOYFRIEND THE WEEKND,G4G2ccLA0aE
7,Rae Sremmurd - No Type,wzMrK-aGCug
14,"Rae Sremmurd - Throw Sum Mo (Official) ft. Nicki Minaj, Young Thug",fwrY0D2ACNk
15,Rae Sremmurd - This Could Be Us,SYbh6ob_R9M
1,Dave x J Hus - Samantha,pOslx4hKwZk
3,J Hus - Common Sense (Official Video),tsO01Nl5TO4
4,J Hus - Friendly (Official Video),kaO_ZLIeo7M
5,Ed Sheeran | Shape Of You (YXNG BANE REMIX) [Music Video]: SBTV,lMUfg75kZwk
7,Not3s - Addison Lee [Music Video] | GRM Daily,ICPp_1SDueM
8,Kojo Funds - Warning [Music Video] | GRM Daily,NJetWqwVVfA
10,Don-E ft. Nado - You Alright Yh? [Music Video] | GRM Daily,CvtxRv38Ep4
11,Mist - Ain't The Same [Music Video] (prod by Steel Banglez) | GRM Daily,VNOcgWi0yYo
12,J Hus ft DoccyDocs | Lean & Bop [Music Video]: SBTV,s00HrAFsMhY
13,Giggs - Lock Doh feat. Donae'o (Official Video),5l1rdqmWxGU
14,Mist - Hot Property [Official Video] (prod by Steel Banglez),e-Wfiz4x2XU
15,"Kojo Funds - Dun Talkin (Remix) (ft. Fredo, Yxng Bane, Frisco, & Jme) | GRM Daily",Be4qsSlv6Jk
18,STORMZY [@STORMZY1] - BIG FOR YOUR BOOTS,dFOErVWlsxg
1,Cardi B - Foreva,wDaxmHJuFgA
2,"Cardi B Feat. Offset ""Lick"" (WSHH Exclusive - Official Music Video)",yQGI6JcB7gs
3,"Cardi B Loves Lil Kim's Sluttiness, Dating Black Guys, Latinos Using the N-Word",E-Z-_5KEWW0
5,"Cashflow Harlem  starring Cardi B Ladies vs Thots"" OFFICIAL VIDEO""",2jGCbn61ODY
6,Cardi B FUNNY MOMENTS (BEST COMPILATION),WSwmSL80tOo
7,"Cardi B, Remy Ma- Wait A Minute (Remix)",TbAwtGkEjgQ
8,Miss Mulatto- Response Diss (Young Lyric Back2Back) [Prod. By @Blakkbeats],0g6KhLvyq4Q
9,"Phresher x Remy Ma ""Wait A Minute Remix"" (WSHH Exclusive - Official Music Video)",NfMildOgBPo
10,"Young M.A - ""EAT"" (Official Video)",GW3gTa-XAlU
11,"Lil Bibby x Tink ""Gotta Have Some More"" (WSHH Exclusive - Official Audio)",tDVgrBqrvso
14,"Cardi B ""Red Barz""",6taQv9D1u1g
15,"Cashflow Harlem ""Want My Love Back"" Feat Cardi B & Ryan Dudley (WSHH Exclusive - Music Video)",IKttcfmbIz0
17,"Cardi B ""Cheap Ass Weave"" (WSHH Exclusive - Official Music Video)",6_aqO8m7qss
18,"Casanova ""Don't Run (Remix)"" Feat. Young M.A., Fabolous, Dave East & Don Q (WSHH Exclusive)",Dryg60lsZ8c
2,"Did Kendrick Lamar Ruin Future's ""Mask Off?"" | Everyday Struggle",cB2g1Y-mA-M
3,"A$AP Mob - RAF (Audio) ft. A$AP Rocky, Playboi Carti, Quavo, Lil Uzi Vert, Frank Ocean",IyWmSnuS850
4,G-Eazy - Get Mine ft. Snoop Dogg (Audio) ft. Snoop Dogg,Iw72oH5pUWo
5,Shape Of U (PARODY) ft Kendreck Lamar & Bruno Marz,C6bKvoOSEds
7,"Logic - Everybody (Remix) ft. J. Cole, Kendrick Lamar",8ALZMds5gXA
8,Future - Mask off (Remix) ft. Kendrick Lamar - REACTION (100k SUBSCRIBERS),ajWhb_h6HWA
9,"Stewie Griffin Sings ""Mask Off"" by Future",CDuG6GjDRcE
16,2Pac - Mask Off (Future Remix),rp7Td0zLfU4
19,Gucci Mane - Both Remix feat. Drake & Lil Wayne [Official Audio],ZeNwB4lNojs
1,Kid Ink - Promise ft. Fetty Wap,DE1NciB_gEU
3,Future - Where Ya At ft. Drake,lw3Or6eqIpI
10,G-Eazy - I Mean It (Official Music Video) ft. Remo,CxnaPa8ohmM
19,Future - Turn On The Lights,zIrhcTkHX_A
15,Future - Mask Off (Remix) Feat. Kendrick Lamar (Lyrics),ZiIP2823ZKE
16,Future - Comin Out Strong Feat. The Weeknd (HNDRXX),t4qLjYquGvw
18,"Breaking Down Kendrick Lamar‚Äôs ‚ÄúMask Off (Remix)"" Verse",pSWf078HJFg
19,Future - Perkys Calling (Purple Reign),isU7n-XNSbA
13,Future - Too Much Sauce ft. Lil Uzi Vert (Project E.T. Esco Terrestrial),KT7W9oJP6BI
4,Future - Perkys Calling (Official Video),ETNZWCNkDaI
12,Future - Rich $ex,dhNe0YBIrLA
14,Family Guy - Stewie Doing a Surgery on Brian,BeQBkb8PAqM
16,Future - Stick Talk,MXGORPXI6QQ
17,Moneybagg Yo & Yo Gotti - Doin 2 Much (2 Federal),4JA9I6TZIAo
18,Future - Blow a Bag,jfmc5pyISeE
7,Wicked / Challenge Compilation (Musical.ly),Y6mEZmso4CY
13,Future - Purple Reign,PhwHhWQo95c
14,Kevin Gates - Really Really (Official Video),pR0VsbyZxWg
17,A$AP Ferg - New Level ft. Future,Srns7NiO278
18,Future - Trap Niggas (Official Music Video),iJK0OGlhKF4
19,Desiigner- Panda (OFFICIAL SONG) Prod. By: Menace,lsJLLEwUYZM
16,"Future ""100it Racks"" Feat. Drake & 2 Chainz (WSHH Exclusive - Official Audio)",PCDergUJ0QM
7,Yo Gotti - Down In the DM,YXSpXO4N-tI
9,"Young Thug ""Best Friend""",Tz6OUIjtM6E
10,Future - Same Damn Time (explicit),e0Y39QnwRvY
14,"Future - Move That Doh ft. Pharrell, Pusha T",ZjfBSDawHQ8
18,Rich Homie Quan - Type of Way,-KKbdErJkiY
19,Future - Tony Montana,CNdySYdVe0E
3,Tyga - Dope'd Up,pfP8GIGr_20
6,Tyga - Stimulated,X8AurWRkRpo
7,Tory Lanez - Controlla,-BszZPXpd_4
8,Tory Lanez - LUV,P9rFeGAdX0A
10,Tory Lanez - Say It,xUq1rZ7mmns
12,Tyga - Rack City (Explicit),AE3yia1AJeQ
18,PARTYNEXTDOOR - Come and See Me [Official Music Video],Ockhq8E2FrA
2,"YG - Left, Right (Explicit) ft. DJ Mustard",a1aZjlpvpS0
3,"YG - My Nigga (Remix) (Explicit) ft. Lil Wayne, Rich Homie Quan, Meek Mill, Nicki Minaj",6l7J1i1OkKs
4,"YG - ""Bicken Back Being Bool"" (Official Video)",rLRHiaC_VQo
5,"YG - Pop It, Shake It ft. DJ Mustard",7BPZoAspZhE
6,"Kamaiyah - ""Fuck It Up"" ft. YG (Official Music Video)",DEquRkEmnZ4
9,YG - Who Do You Love? (Audio) (Explicit) ft. Drake,xTlWz_kZuWU
17,YG - Still Brazy (Audio),jxnWAoM9Lf4
2,Rick Ross - Made Men (ft. Drake) (Official Video),t3Mqi-Tv7q0
3,"Rick Ross - Aston Martin Music ft. Drake, Chrisette Michele",a35rNEBNiO4
4,Wale - Ambition feat. Meek Mill & Rick Ross (Official Video),O7ZbM7ak8uw
5,"Fabolous ""Ball Drop"" feat. French Montana (WSHH Premiere - Official Music Video)",u1L9ANCqcYk
6,No New Friends (Explicit),E2Lw9YWLVts
7,Meek Mill Feat. Rick Ross - Ima Boss (Official Video),V1cxP2nCBdU
8,Rick Ross - The Devil is A Lie (Explicit) ft. Jay Z,kpxBgrJFPOA
10,French Montana - Sanctuary (Official Video),S2dEDOzMxSY
12,"Rick Ross - Nobody (Explicit) ft. French Montana, Puff Daddy",cI9ifCMk0Dg
13,Drake - Lord Knows ft Rick Ross,FyBU0JZ3RbY
14,Rick Ross - B.M.F. ft. Styles P,n2MVzP4MaJ0
16,"Rick Ross - Diced Pineapples (Explicit) ft. Wale, Drake",jb6HZa151s8
18,"French Montana - Pop That (LYRICS) ft. Rick Ross, Drake & Lil Wayne",7agFX-Le0kM
7,Ebro in the Morning asks Post about White Guys w/ Braids & his Musical Abilities,0fv--ALgacc
8,Post Malone Sauces on Everyone While Eating Spicy Wings | Hot Ones,eCEG4QyQbF4
9,Making Music with Post Malone,YTBJxZx3AZI
12,Post Malone - I Fall Apart,z87ghOaL-WE
13,Russ - What They Want (Official Video),oorK4RPgZ8Q
14,"Post Malone on Shia LaBeouf, Being White and Not Being Fat: The People VS Post Malone",RQe1jFn2XiU
16,"Post Malone - Too Young (Prod. FKi, The Mekanics, And Justin Mosely)",aFbx2dOGUw8
4,Niykee Heaton - Lullaby,8MKX6toAJHQ
5,"Niykee Heaton - The Making Of ""Bad Intentions"" ft. Migos",BcAnNzo-tUA
8,"Machine Gun Kelly, Camila Cabello - Bad Things",QpbQ4I3Eidg
9,Rihanna - Kiss It Better (Explicit),49lY0HqqUVc
11,Niykee Heaton - Bad Intentions (Original - Without Migos),ZVmpwoXXrzw
17,I N F I N I T Y  -  Niykee Heaton,a0_y8ENgGlY
2,SchoolBoy Q - Collard Greens (Explicit) ft. Kendrick Lamar,_L2vJEb6lVE
3,THat Part - Black Hippy (Lyrics) Kendrick Lamar x Jay Rock x Ab-Soul x SchoolBoy Q,_ca6UQ8Neus
4,ScHoolboy Q - Studio ft. BJ The Chicago Kid,8zo9VTJUVWc
7,ScHoolboy Q - Break The Bank (Explicit),rc-Vqcud32I
9,ScHoolboy Q - Tookie Knows II: Part (2),YSb6-ppf7fw
14,SchoolBoy Q - What They Want (Explicit) ft. 2 Chainz,5dBy9KEorjw
1,Wale - My PYT [OFFICIAL MUSIC VIDEO],aRGzlvOuigc
4,Usher - Good Kisser,1lQtoRFaLsA
6,Usher - No Limit (Behind The Scenes),tIWN028Sv2c
11,"Usher - Yeah! ft. Lil Jon, Ludacris",GxBSyx85Kp8
12,Fifth Harmony - All In My Head (Flex) ft. Fetty Wap,jsbeemdD2rQ
13,Kehlani - CRZY [Official Video],2d7U4CX0PHk
14,"Usher - Confessions, Pt. II",5Sy19X0xxrM
16,Usher - I Don't Mind (Audio) ft. Juicy J,nSKUXqJ5l1k
19,Usher - Love in This Club ft. Young Jeezy,cB5e0zHRzHc
1,PARTYNEXTDOOR - Break From Toronto [Official Music Video],lXYq9ImJIN8
6,PARTYNEXTDOOR - Not Nice [Official Music Video],iTno21crSsY
7,Jeremih - Impatient (Audio) ft. Ty Dolla $ign,EnIR91t4qgY
8,ILOVEMAKONNEN (FEAT. DRAKE) - TUESDAY,avFq9errZCk
12,PARTYNEXTDOOR - Come And See Me (feat. Drake) (Audio),lG4HICGeQoo
14,Come and See Me (feat. Drake),FC6uqPyEcX4
16,Lloyd - Tru (Official Video),-rG6y-NKrHU
17,J. Cole - Apparently,eRaFMlZ1YHA
18,Girls Love Beyonce - Drake feat. James Fauntleroy,aDDk5Th30J4
19,Beyonc√© - Mine ft. Drake,IDvu1ehPq0g
3,The Game - Baby You ft. Jason Derulo,qva2wQSGla8
8,The Game - 100 ft. Drake,b2AcxL88DoI
14,"The Game, 50 Cent - Hate It Or Love It",BuMBmK5uksg
15,Jeremih - Planez (Audio) ft. J. Cole,--5u48IaR4M
16,Jeremih - oui (Official Audio),VtcP0PFifpE
18,"Game - All That (Lady) ft. Lil Wayne, Big Sean, Jeremih",38m0ppbtsHs
2,Mask Off,AMCwYdTJ_PE
3,"A-Boogie Wit Da Hoodie ""My Shit"" Prod. By D Stackz (Dir. By @BenjiFilmz)",9cGpLc-G20E
8,A Boogie Wit Da Hoodie - Timeless (DJ SPINKING) [Official Video],zGzpIqC5zvQ
17,The Chainsmokers & Coldplay - Something Just Like This (Lyric),FM7MFYoylVs
1,"14 year old KILLS ""Tunnel Vision"" by Kodak Black!",e3z_Y3DjLzE
2,"XXXTENTACION IS TURNING KIDS INTO SAVAGES! Twerking, School Suspensions, Fights!?",sSvfDiTkUYE
4,FRONT ROW AT LIL UZI VERT CONCERT! HE GRABBED MY PHONE FROM ME!?! LIT COLLEGE VLOG!,wSCLPFtW0t0
5,SHE SENT ME NUDES IN LESS THAN 5 MINUTES! LYRIC PRANK ON TINDER (Body Party Ciara),Jq35AYj1Gt0
6,"""I BEAT MY MEAT"" SONG LYRIC PRANK ON MOM! [GONE EXTREMELY WRONG]",piNluXt6kFU
7,LYRIC PRANK ON BOYFRIENDS BESTFRIEND!!! (BACKFIRES),ZjTklDaaaZY
8,LYRIC PRANK ON MY EX-GIRLFRIEND GONE WRONG! XXXTENTACION LOOK AT ME PRANK!,1dFDqp_jAbU
9,MEET MY NEW GIRLFRIEND!!? + FUNNY TRY NOT TO LAUGH CHALLENGE! NASTY PUNISHMENT (ROAST EDITION),-fjvW5jPP6g
10,"Pranking My CHEATING EX Girlfriend With Lil Uzi Vert ""You Was Right"" Lyrics (GONE WRONG)",AVyflQwtIhA
11,MY FIRST FIGHT! STORYTIME! (LITTT!),S4gGMtapRgc
12,Lil Uzi Vert Xo tour life (Full) Dance Video ft. Shelovesmeechie therealyvngquan andAyo and Teo,SapdYGvVxKs
14,Top 5 Strange LIL UZI VERT Facts,6sC8Kl_zeeA
16,"Lil Uzi Vert ""Plays Basketball For The First Time Got Hella Game Europsteps On Everyone""",i_txu7U7oLw
17,XXXTENTACION IS ACTUALLY CRAZY! HE HAS GUNS AND A DRACO! Xxxtentacion and Ski Mask The Slump God,6lQA9dEek9A
18,Lil Uzi Vert - XO TOUR Llif3 | The Theorist Piano Cover,mF2vfCTvN9I
1,"Mr.Johnson's Concert Choir Performs ""#HUMBLE.""",8mLnViOs4q0
2,ALL Mr.Johnson's Concert Choir COMPILATION By Reggie Couz,LSzliVk25Jw
5,The Evolution Of Lil Uzi Vert (2012-2017),DlKyNd6F5n8
7,Mr Johnson's Choir Concert!,2ng8EGoLFmg
8,"Mr.Johnson's concert choir Performs ""Work""Feat.Drake By Rihanna",BptdrS7GnEE
9,Mr. Johnson's Choir Concert @ReggieCouz | Lil Uzi XO Tour Life Trap Remix | Universe Productions,0jZwPwlW1Qg
10,When your music producer wants you to raise the bar...#KnowYourPresidents (U.S Presidents Song),i2l_frOaLK8
11,"Mr Johnson's Concert Choir Performs ""HUMBLE"" by Kendrick Lamar",qJKGZWYLUHM
12,2Pac ft. Lil Uzi Vert - XO TOUR Llif3 Remix,hC2-_L1TomY
13,LIL UZI Vert Dancing Very Suspect -- Shoulder Dance Onstage At A Concert! (May 2017),ZINeJLFHx0M
14,"Reggie Couz - ""Rolex ""Mr Johnsons Hip Hop Choir",MEvofsKFps0
15,"Who It Is (ft. Lil Wayne, Kevin Gates, Kodak Black, Lil Uzi Vert + 6 more)",sYkhlx1mwss
17,Future Type Beat 2017 x Young Thug Type Beat - Life // Free Type Beat | Trap Instrumental,hub_TIZ4lxg
18,Rap Critic: Lil Uzi Vert - XO TOUR Llif3,QejqTaXxZfo
2,PARENTS REACT TO XXXTENTACION,Hg5dOEvjEYU
3,XXXTENTACION - Yung Bratz,uAjTZeZ87MQ
4,XXXTENTACION - King Of The Dead (Prod. HELLION),xnZQnp7NnpQ
5,Rich Chigga x Keith Ape x XXXTentacion - Gospel (Prod. RONNYJ),s1CY9AYUa7U
6,All XXXTENTACION CHALLENGES #LOOK AT ME!,EDU9a96DEyk
9,Lil Pump - D Rose (Shot by @_ColeBennett_),6Prfg3vyZkA
11,XXXTENTACION - Look At Me (Prod. by Rojas)- REACTION,xyjrR68FD38
13,XXXTENTACION- RUN UP ON ME,HhorJE4thTA
16,Top 10 XXXTENTACION Songs,-2N_H_z0hCw
2,XXXTENTACION - Look At Me PARODY (AFRICAN VERSION),dBghSRQGR3I
8,Lil Yachty - Peek A Boo ft. Migos PARODY (AFRICAN VERSION),9CHqTBuqdOk
9,THE AFRICAN UBER DRIVER üòÇüòÇüòÇ,1gU5pAaJjpY
10,"21 SAVAGE XXL Freshmen Cypher Parody (feat. Kodak Black, LIL Uzi Vert & LIL Yachty)",iGM_BosY--8
11,Future - Mask Off PARODY (AFRICAN VERSION),d-gpxzgELec
12,GTA 5 ONLINE -  BLOODS VS CRIPS WHO WILL WIN?,PcPLvbeYDRg
13,KODAK BLACK - TUNNEL VISION PARODY (AFRICAN VERSION),MkBts5rx2wI
14,MIGOS ft. LIL UZI VERT - BAD AND BOUJEE PARODY (AFRICAN VERSION),q8Fwe9YJR20
16,Stephen Curry Mix ~ XO Tour Life (By Lil Uzi Vert),3GXT9i1qxXw
17,PANDA PARODY (AFRICAN VERSION),z_n-CJCsFAg
18,AFRICAN SUBSTITUTE TEACHER üòÇüòÇüòÇ,UWe4LPUnSn8
1,"Playboi Carti ""Magnolia"" (WSHH Exclusive - Official Audio)",LgbxbSSybmM
7,"Travis Scott x Playboi Carti ""Purple & Green"" (WSHH Exclusive - Official Audio)",GRJ4rOiCYPc
9,"Swoosh ""Get Out My Face"" Feat. Famous Dex & Rich The Kid (WSHH Exclusive - Official Audio)",SPcUztpmjrQ
11,"Lil Uzi Vert ""Buy It"" (WSHH Exclusive - Official Audio)",EpV_WbjyY00
12,"Takeoff ""Intruder"" (WSHH Exclusive - Official Audio)",xdoIgyS_264
17,"Playboi Carti x Da$H x Maxo Kream - ""FETTI"" [OFFICIAL MUSIC VIDEO]",A5IvyeAeEOM
19,"Tee Grizzley x Lil Yachty ""From The D To The A"" (WSHH Exclusive - Official Audio)",L7dwub7Fzsc
3,Katy Perry Carpool Karaoke,5tvxzLK3rFs
5,Katy Perry - Swish Swish (Audio) ft. Nicki Minaj,Z18eMqK9BMM
7,Katy Perry - Dark Horse (Official) ft. Juicy J,0KSOMA3QBU0
9,Katy Perry - Part Of Me (Official),uuwfgXD8qV8
10,Katy Perry - This Is How We Do (Official),7RMQksXpQSk
11,Katy Perry - Rise (Official),hdw1uKiTI5c
12,TEENS REACT TO KATY PERRY - BON APPETIT (#BONAPPETITCHALLENGE),sVGIOWtE8aA
13,Katy Perry - Last Friday Night (T.G.I.F.) (Official),KlyXNRrsk4A
14,Katy Perry - Hot N Cold (Official),kTHNpusq654
15,Katy Perry - Teenage Dream (Official),98WtmW-lfeE
16,Katy Perry - The One That Got Away (Official),Ahha3Cqe_fk
17,Katy Perry - Music Evolution (2007 - 2017),yrW3_4Nqzd0
18,Ariana Grande - Everyday ft. Future,oHmBf4ExtZk
4,David Guetta - Turn Me On ft. Nicki Minaj (Official Video),YVw7eJ0vGfM
5,DNCE - Kissing Strangers ft. Nicki Minaj,wzZWXrlDj-A
7,"David Guetta - Hey Mama (Official Video) ft Nicki Minaj, Bebe Rexha & Afrojack",uO59tfQ2TbA
9,David Guetta - Shot Me Down ft. Skylar Grey (Lyric Video),3x2ABSAMVno
10,David Guetta - Titanium ft. Sia (Official Video),JRfuAukYTKg
15,Charlie Puth - Attention [Official Video],nfs8NYg7yQM
17,David Guetta - Lovers On The Sun (Official Video) ft Sam Martin,BPiW0tkWfeg
19,David Guetta & Showtek - Bad ft.Vassy (Lyrics Video),oC-GflRB0y4
1,Nicki Minaj Introduces Ellen to the Rap Game,iPxVJlC7Zbo
3,Nicki Minaj on Her Engagement Ring,na5yOfZJmPQ
4,Ellen Makes Some Very Memorable Cameos,mmDqQ7mtaQE
6,Nicki Minaj Reacts to Ellen‚Äôs ‚ÄòAnaconda‚Äô,QyJ8rulYHpU
7,Ellen and Britney Spears' Mall Mischief,0fBhad-_zN8
8,"Iggy Azalea Opens Up On Feud With Nicki, What Britney Made Her Do, Plastic Surgery",v68ZlwUKI2k
9,"Everything Wrong With Nicki Minaj - ""No Frauds""",hZG0H48rnAU
10,Ellen is Nicki Minaj for Halloween!,fR2bSOggDeo
11,Katy Perry Talks Her New Look and New Endeavors,kvEp3uw8z2Y
12,Nicki Minaj Responds to Nas Dating Rumors,3m5FqW_rXtU
13,A Terrific Dancing Trio Performs!,AcMmLmvOYTo
14,Prom Dress or Craigslist Couch?,1KloVyRDA0Q
15,'Will You Perry Me?' with Katy Perry,Lx5c31BBfUk
16,Ellen Scares Nicki Minaj,03voLKdGULY
17,who has drake dated,pk98NIibz2U
18,Nicki Minaj Gives Back,TQegavwAso0
19,Ellen is Nicki Minaj for Halloween! on Ellen show,oid8_VXf3bI
20,Ellen Inspired Adele's New Song,wTAJSuhgZxA
7,Gucci Mane - First Day Out Tha Feds [Official Music Video],i9kJJ9yhXNc
13,Nicki Minaj - Beez In The Trap (Explicit) ft. 2 Chainz,EmZvOhHF85I
3,Nicki Minaj - Moment 4 Life (Clean Version) ft. Drake,D7GW8TYCEG4
4,"Nicki Minaj ft. Drake, Chris Brown & Lil Wayne- Only (Official Video)",HNSl_fGZvqY
6,"Trey Songz - Touchin, Lovin ft. Nicki Minaj [Official Video]",cEmrvCiEapM
7,Nicki Minaj - Your Love,pSFyrrhKj1Q
8,Nicki Minaj - Super Bass (Edited),fwQ8MpwB-Pw
9,Lil Wayne - Mirror ft. Bruno Mars,OZLUa8JUR18
10,"BEHIND THE SCENES OF ""HIGH SCHOOL"" - NICKI MINAJ (ft. LIL WAYNE)",8owlqNIp6zE
11,Nicki Minaj - Right Thru Me (Clean Version),5FJO6b8GL3M
13,"NICKI MINAJ, DRAKE, LIL WAYNE - Extended Summer Jam Performance",y9cZjRDsc_k
16,Young Money - Bed Rock,Ha80ZaecGkQ
17,Nicki Minaj - Moment 4 Life (MTV Version) ft. Drake,Ks3_kuRAzHs
3,Nicki Minaj - Pills N Potions (Official),f7ld-3nZUxA
9,Nicki Minaj - Pound The Alarm (Explicit),vdrqA93sW-8
11,Nicki Minaj - Starships (Clean),4oYp3AQqG1U
13,Nicki Minaj - Fly ft. Rihanna,3n71KUiWn1I
15,Nicki Minaj - Va Va Voom (Explicit),3U72hzeBLOw
17,Becky G - Can't Stop Dancin',7NwzxGntDgs
18,Hilary Duff - Sparks (Fan Demanded Version),dpPXpHx9jO4
19,Beyonc√© - 7/11,k4YRWT_Aldo
5,"Cassie - ""Me & U""",zVJ5gsLeCSM
9,Ciara - I'm Out (Explicit) ft. Nicki Minaj,1-TTNdyIMAE
11,"Jessie J, Ariana Grande, Nicki Minaj - Bang Bang ft. Ariana Grande, Nicki Minaj",0HDdjwpPM3Y
12,Willow Smith - Whip My Hair,ymKLymvwD2U
13,"Bebe Rexha - ""No Broken Hearts"" ft. Nicki Minaj (Official Music Video)",XoiEkEuCWog
15,Iggy Azalea - Work (Explicit),_zR6ROjoOX0
17,Madonna - Bitch I'm Madonna ft. Nicki Minaj,7hPMmzKs62w
5,"Money Showers Lyrics~ Fat Joe, Remy Ma, Ft. Ty Dolla $ign",7aNPIOH8JyM
8,"Fat Joe, Remy Ma, French Montana - Cookin (Official Video) ft. RySoValid",a4NYSwNAo08
10,Fat Joe - What's Luv? ft. Ashanti,VpvyG2NrS1Y
11,"Fat Joe, Remy Ma - Heartbreak (Official Video) ft. The-Dream, Vindata",oymGZPepGVs
13,Rick Ross - I Think She Like Me ft. Ty Dolla $ign,bezPDJIFP78
14,Fat Joe - Another Round  ft. Chris Brown,Tj0rO7P6TH0
18,DJ Luke Nasty - OTW (Official Video),Akfeu1zfpLI
1,Remy Ma Gets Hit With A Nicki Minaj Question | Hip Hop Squares,HyFrUujV9P4
4,"Tiny says to T.I. ""You slept with my employee!""",NjSCK3zSVdA
5,Remy ma shether (diss) nicki r.i.p this time,2P1F1iJRDps
6,Remy Ma v. Nicki Minaj,tjYghbWJl3A
7,50 CENT REACTION TO NICKI MINAJ 'NO FRAUDS' REMY MA DISS SONG,NK1wHO9d_3c
8,"Remy Ma ""Roasts Nicki Minaj Over Her $20 H&M Met Gala 2017 Costume""",bbiKYbS-FIU
10,Nicki Minaj not AFRAID no more Reacts to Ariana Grande Manchester Concert ‚ùåüò±üëéüí™,8jp3D5D8LmE
11,"Chris Brown Trey Songz Ciara and Omarion ""Respond to Bow Wow Claiming He Put Them On The Map""!",xrNPzEQZMLA
12,The Breakfast Club Breaks Down Every Bar In The Remy Ma & Nicki Minaj Diss Records,tE9NkOvnQq8
14,Nicki Minaj Billboard Award performance Lil Wayne Gets Lap dance,M3KjonXoLpY
15,Safaree REACTS TO Nicki Minaj No Frauds Remy Ma DISS TRACK!,crDuYn41X0c
16,170521 BTS React to Nicki Minaj: No Frauds @BBMAs,z61Kz0Tz67Q
17,Nicki Minaj Has BEST Reaction To Drake Flirting With Vanessa Hudgens At 2017 Billboard Awards,CIcf1GfflMw
18,Nas Ex-Wife Kelis Ain't Worried About Nas Dating Nicki Minaj,IIbzOjDClEo
19,"Nicki Minaj REGRETS Dating Meek Mill, Especially After What He JUST Did",FW5dkZy_HfY
4,"Nicki Minaj - I Am Your Leader (Explicit) ft. Cam'Ron, Rick Ross",LW9rITLjKz8
6,"Young Money - Senile ft. Tyga, Nicki Minaj, Lil Wayne",Oxo_9KbVS0I
7,Nicki Minaj - Did It On Em (Edited),xzXDSWz3Nbw
8,7 Naughty Things You Didn't Know About Nicki Minaj,ureMZhW_50c
10,Big Sean - Dance (A$$) Remix ft. Nicki Minaj,pn1VGytzXus
12,Beyonc√© - Partition (Explicit Video),pZ12_E5R3qc
15,Cassidy - Lookin Ass Bitches (Nicki Minaj 'Lookin Ass Nigga' Reply) New CDQ Dirty NO DJ,E3P-j03MoYg
19,Nicki Minaj - Freedom,cXHVZnGl55A
8,Nicki Minaj Sings 'Super Bass' with Sophia Grace (Full Version),f9573kGBtuE
18,Beyonc√© - Run the World (Girls),VBmMU_iwe6U
2,Nicki Minaj - Feeling Myself (Audio) ft. Beyonc√©,0Kg9xRooTVk
4,"Nicki Minaj - Truffle Butter (Audio) ft. Drake, Lil Wayne",EvlQOjK0MPk
6,Beyonce - Yonce/Partition,IsVE8zwld28
10,Nicki Minaj ft Drake - Moment 4 Life Lyrics,YN0Saar-QKQ
12,Nicki Minaj - Pills N Potions (Lyrics),phXWMDy5RoU
13,Rihanna - Bitch Better Have My Money (Explicit) (Audio),qHkpGJcB0HU
17,Eminem - Rap God (Explicit),XbGs_qK2PQA
4,"Kodak Black ""SKRT"" Prod. by SkipOnDaBeat (WSHH Exclusive - Official Music Video)",h8cyM_damag
5,"Kodak Black ""HollyHood""",NRvq-UfDeyA
11,Kodak Black - Patty Cake [Official Audio],RTxKgLRmbUM
12,Kodak Black - Coolin and Booted [Official Audio],bzGO7eTD7eg
13,"Kodak Black X YoGotti ""Weatherman""",9sC1KO2qEgg
15,Kodak Black - Conscience (feat  Future) [Official Audio],GtOr_a2ElPQ
16,Kodak Black - Spaz Out,1h5QUlk_7HQ
17,"Kodak Black ""Can I"" #FREEKODAK (WSHH Exclusive - Official Music Video)",fxsmrM6mpBQ
19,"Kodak Black ""Me, Myself & I""",nnFYWjc8Cc8
3,"DAX - ""Cash Me Outside"" Ft Danielle Bregoli (Official Music Video)",szdYSzbPxws
4,Top 5 Strange CASH ME OUTSIDE HOW BOUT DAT Facts - Danielle Bregoli,-fjgla9Oy7o
5,"Danielle Bregoli plays ""GUESS THAT SONG CHALLENGE """,1sdw9q70Xmc
7,"""CASH ME OUTSIDE"" Official Music Video - LiL MoCo REMIX ft. Danielle Bregoli",a6sceMZL-4I
9,"Danielle ""Cash Me Outside"" Bregoli on Dr. Phil, Kodak Black, And More! | BigBoyTV",kEtNMOhrR7E
12,CASH ME OUTSIDE GIRL - AFTER They Were Famous - How Bout Dah Meme,_f0-jz4AZB8
14,Danielle Bregoli roasts Met Gala 2017 red carpet fashion,HI8BNy5l6Gc
15,"Kodak Black Tells Danielle Bregoli ""Cash Me Ousside"" To ""Throw That Pu**y On Him""!? On FACETIME!!",NsrIet1Dd_0
5,NBA YoungBoy - 38 Baby,ea_Gy3lo9mM
14,Kodak Black - Still Hitting Licks,3z_-Q208Pac
15,Kodak Black - Project Baby (Official Video),Bp1ShTaNfO8
1,"Tee Grizzley ""No Effort"" (Starring Mike Epps) (WSHH Exclusive - Official Music Video)",yD-s3c_EsxQ
2,"Tee Grizzley - ""From The D To The A ft. Lil Yachty"" [Official Video]",-S0aea777jM
4,"Tee Grizzley x BandGang ""Straight To It"" (WSHH Exclusive - Official Music Video)",li-_E-UOE7Y
9,"Tee Grizzley ""Second Day Out"" (WSHH Exclusive - Official Music Video)",7alVED12_4k
11,Tee Grizzley First Day Out (Official Music Video)- REACTION,iuMzDEQQMS4
16,SOB X RBE - Anti (OFFICIAL VIDEO),WM5yCRiSQPY
17,"NBA YoungBoy ""I Ain't Hiding"" (WSHH Exclusive - Official Music Video)",CiatfSQ0xwg
2,Chinx - Dope House feat Jadakiss,Kn41QINitdo
11,"French Montana - Shot Caller (Remix) ft. Diddy, Rick Ross, Charlie Rock",IlrW8_WIy7g
13,French Montana - Julius Caesar (Official Video),NnUc7PbMAkc
14,"French Montana - Goin In For The Kill ft Chinx Drugs, Cheeze",ychZCYwq06U
16,FRENCH MONTANA CHINX DRUGZ- TUNNEL VISION  VIDEO,XfzqnKcoEx8
18,Chinx Drugz - On Your Body  ft.  Meet Sims,3zBeoWItkA4
19,"Chinx - Die Young ft. Meet Sims, French Montana & Zack (Welcome To JFK)",q1vV7cHmu9w
1,Kodak Black - Tunnel Vision [Official Music Video],JzSUgOmP66Q
6,KODAK BLACK - SKRT,pzhctd7n_fA
17,"Kodak Black ""INSTITUTION""",cF2w4s1Yosk
18,PnB Rock - No Time [Official Music Video],1idtRZyTruw
3,A$AP Rocky - L$D (LOVE x $EX x DREAMS),yEG2VTHS9yg
4,A$AP Ferg - Shabba (Explicit) ft. A$AP ROCKY,iXZxipry6kE
6,"A$AP ROCKY - Wild For The Night (Explicit) ft. Skrillex, Birdy Nam Nam",1eWdbMBYlH4
7,A$AP Rocky - Goldie,fLCf-URqIf0
9,"A$AP Mob - Trillmatic (Explicit) ft. A$AP Nast, Method Man",8xda8NvdEfA
14,Mura Masa - Love$ick ft. A$AP Rocky,ZJM4AQSbZDk
17,A$AP Rocky - Lord Pretty Flacko Jodye 2 (LPFJ2),dcDqi6XQkfM
18,Work REMIX (Explicit),jkHI1hGvWRY
3,Young Thug - Wyclef Jean [Official Video],_9L3j-lVLwk
10,2 Chainz - Watch Out (Explicit),cG21b8Kx2DI
16,"2 Chainz - It's A Vibe ft. Ty Dolla $ign, Trey Songz, Jhen√© Aiko",tU3p6mz-uxU
17,"Young Thug - Guwop feat. Quavo, Offset, and Young Scooter [Official Video]",NTayABOrFrk
18,Jeezy - All There ft. Bankroll Fresh,PCUS3yeND9c
10,POST MALONE - Before They Were Famous,7hQgDEQbP90
19,Post Malone - On God ft. Drake (Music Video) 2016,YIHRlWmeodY
1,Khalid - Saved (Audio),Dyg32hMf7Fk
2,Russ- Losin Control [Lyrics],T3jkXX5OEjk
7,Young Dumb & Broke,YhK2NwPIdt4
8,"Khalid - Location (Remix) (Audio) ft. Lil Wayne, Kehlani",0OmLMXCihKk
9,Rihanna - Love On The Brain,0RyInjfgNc4
10,Russ - Losin Control (Official Video),IdGIZjVWrzY
14,Sydney Renae - How you gonna,mf80C3wGRPc
15,Julia Michaels - Issues (Audio),7dqMyh4ILIg
16,Khalid - Young Dumb & Broke (Audio),g9Aaf1fWdLQ
18,Treat Me Like Somebody - Tink (Lyrics),7HuiYBtoIhE
3,"Rappers React to Rich Chigga ft. Ghostface Killah, Desiigner, Tory Lanez & More",-KMBELyZ_sM
5,Rich Chigga - Dat $tick (Official Video),rzc3_b_KnHc
8,Post Malone Goes Sneaker Shopping With Complex,flN21pCpfZk
11,"Post Malone Talks Trolling The World with Bieber, how he met Kanye West & his New Album",GD8o5Efe1A4
12,Rich Chigga freestyling on his 17th birthday,BzuXTp5XFR0
13,H3 Podcast #7 - Post Malone & Joji,l65hR94nfqY
14,Mom reacts to Rich Chigga suprising Post Malone with a Mariachi Band,3ENTz3shm0E
15,"Bob Dylan Don't Think Twice, It's All Right Cover - Austin Richard",d_NS9Vd1sMA
16,Post Malone - Congratulations ft Quavo (lyrics),Adtadg-UBYA
19,Rich Chigga - Who That Be (Official Music Video),_D9rN-hX0hE
1,Childish Gambino - Me and Your Mama (Official Audio),_hZCsgcKa-g
2,Childish Gambino - Redbone (Live From The Tonight Show Starring Jimmy Fallon),ezbsbkqoRrs
3,Childish Gambino - 3005,tG35R8F2j8k
4,Redbone Childish Gambino (Lyrics),87xa7w2QymA
6,"Jordan Peele Explains Why Childish Gambino's ""Redbone"" Was Perfect For ""Get Out""",N1YAdd6ERBs
10,"The Making Of Childish Gambino's ""Redbone"" With Ludwig G√∂ransson | Deconstructed",lGKlIJsz7bM
11,Childish Gambino - Sober,ayLiAVJ6vTM
12,Childish Gambino - Redbone (CeeLo Green Remix),REzU35yFfNo
16,Chance The Rapper - Cocoa Butter Kisses (feat. Vic Mensa and Twista),TErySTMbFlk
17,Childish Gambino covers Tamia 'So Into You' for Like A Version,UfQHEpf2q8k
19,J. Cole - Neighbors,FOPgg7qqlcA
3,Amin√© - REDMERCEDES,O8lFeVfYw_s
3,Big Sean - Moves,7cIkC7s3d2o
9,Big Sean - Jump Out The Window,6SvVULpULkc
14,Big Sean - I Know ft. Jhen√© Aiko,YWpTQM-CCTM
15,"Big Sean - Play No Games ft. Chris Brown, Ty Dolla $ign",DJi7WupFqPQ
16,"Big Sean - Beware (Explicit) ft. Lil Wayne, Jhene Aiko",L-rQZ6IGhCM
1,Mad Over You (Official Music Video) - Runtown,Tb4X1BWNO5k
2,"Davido's 'IF', Duncan Mighty Is Surprised to Have Inspired the Hit Song |  Pulse TV",ZZD8b5Whxzo
3,Bisa Kdei x Patoranking  - Life (Official Video),B9a7yDxLpO0
4,Fally Ipupa - Eloko Oyo (Clip officiel),T4KNVT2w0mU
5,Tekno - Pana [Official Video],8YhAFBOSk1U
6,Davido - Coolest Kid in Africa (Official Video) ft. Nasty C,QGrxqOcZpZU
8,"Shatta Wale - Taking Over ft. Joint 77, Addi Self & Captan (Official Video",QWUVncnTNNE
9,Tekno - Yawa (Official Video),zsQnCwV4Gr8
10,"Watch Actor Kofi Adjorlolo sings ""if"" by Davido",zByS9fUPDpo
11,Davido - If [Official Chipmunks Version] Video,pjfsbABqutk
12,Diamond Platnumz - Marry You ft. Ne-Yo,QdOaBtUvH80
13,Timaya - Pity 4 Us (Official Audio) | Official Timaya,XYJKP8BQWuY
14,OSINACHI (Remix) - Humblesmith ft. Davido (Official Video),SSw8EmVX-gM
15,P-Square - Away [Official Video],Xl9VNPzodcY
17,P-Square - Nobody Ugly [Official Video],Z7N64vUHxvw
19,Aye - Davido (Official Music Video),uZ-_HIoEBE8
3,Popcaan - Stray Dog - January 2017,tQm2yI7CRsQ
4,Popcaan-Gyal gimme (November 2016),lUykwT6_6U8
5,Alkaline - Pretty Girl Team,IbwHsXjSDAU
6,Alkaline - Pretty Girl Team,u1aVmoweBUI
7,Popcaan - Nah Idle,NFxhl8xDqL4
8,Popcaan - Addicted (Clean) January 2017,hLrkgYgEK9g
9,Kranium - We Can Ft. Tory Lanez Official Audio [Explicit],CNy9PmnP9IA
10,Ed Sheeran Shape Of You ft. Kranium,0xEjYuPrsLk
11,Popcaan - Never Sober (Official Video),tI37uhx4Cgg
13,Sean Kingston - Chance ft. Vybz Kartel,jKgQHzcQtjo
14,Popcaan ft. Drake - My Chargie lyric video,WNqxfBIC9qg
15,"Popcaan ""Love Yuh Bad"" OFFICIAL VIDEO (Produced by Dre Skull)",nCaeioeKduE
17,KONSHENS X CHRIS  BROWN - BRUK OFF YUH BACK - SUBKONSHUS MUSIC / EMPIRE 2017,N8CCuhSbgyE
19,Alkaline - Extra Lesson (Raw) - October 2016,7A9f2Yb_Rdo
20,Popcaan ‚Ä¢ Addictedüíó,1pKsN07v5DQ
2,Drake Incredible Rihanna 'Work' Impression On SNL - VIDEO,kGpWXBFitjY
4,Drake - One Dance feat. Kyla & Wizkid -VEVO,A1x0SzpyF18
6,Drake - Hotline Bling,uxpDa-c-4Mc
8,Drake - Gyalchester (Live From The 2017 Billboard Music Awards),sR_pfk9JVlc
15,Calvin Harris - My Way (Official Video),b4Bj7Zb-YD4
2,Mr Eazi - Hollup (Fun Video),Aa6C_OZ-kmU
4,Mr Eazi - Skintight ft Efya ( Official Video ),vk_4yxkgjAI
7,Eugy x Mr Eazi - Dance For Me (Official Video) | prod. by Team Salut,BmRWXHRPZyo
8,Mr Eazi - Bankulize Ft Pappykojo,vrS01w0u30I
10,Vybz Kartel ft WizKid - Wine To Di Top (Official Dance Video) | Sherrie Silver,rgAm7UDmiJs
12,WIZKID  - OJUELEGBA,Q7QiLceJSLQ
13,Patoranking - No Kissing Baby ft. Sarkodie,8T-GeoXlEBg
14,Mr Eazi ft TekNo ‚Äì Short Skirt (Prod By Maleek Berry),NBZHIUg340c
17,DJ Spinall - Ohema (Official Video) ft. Mr. Eazi,U7jt3VB4UsU
19,Kranium - We Can Ft. Tory Lanez [Music Video],X2wT2_7knuQ
10,Meek Mill - Litty (feat. Tory Lanez) [OFFICIAL MUSIC VIDEO],S7UAj9bl1-I
13,Kranium - Nobody Has To Know ft. Ty Dolla $ign (Official Video),vnl4mScVXI4
14,Pitbull - Options ft. Stephen Marley,xALCpLXcIYY
2,Ayo Jay - Your Number,BmTmZjuZiBA
4,Korede Bello ft. Tiwa Savage - Romantic ( Official Music Video ),UXyUMMMETsA
5,"Korede Bello ""DO LIKE THAT"" Choreography by Mark x Betty (Class Video)",ClPB_BzF6W8
9,Chidinma - Fallen in Love [Official Video],Ws6xCV3En_M
10,Yemi Alade - Johnny,C_XkTKoDI18
15,"""Do Like That"" by Korede Bello | Analisse Rodriguez Class Choreography",WAGC_L9zONY
17,"MAVINS - DOROBUCCI ft Don Jazzy, Tiwa Savage, Dr SID, D'Prince, Reekado Banks, Korede Bello, Di'Ja",vDHBe1BA-Nk
18,Yemi Alade - Tumbum (Official Video),Mr6DKUylvCk
3,WizKid - Show You The Money (OFFICIAL VIDEO),XMAsSEH3yys
4,WizKid - Daddy Yo,_2uqOvEo2bQ
5,Dj Maphorisa - Soweto Baby feat Wizkid & Dj Buckz (OFFICIAL VIDEO),oaYJbNkIrNk
6,Wizkid - In My Bed (Official Video),2YsSCQpJm7M
9,Tiwa Savage ft. Wizkid - Bad ( Official Music Video ),Q9lpzKvTzSY
11,STARBOY Ft. L.A.X & Wizkid - CARO - (Official Video),VF47kno4Dro
12,"R2bees ""Slow Down"" ft Wizkid",XEQYQQiEsVU
13,Burnaboy - Soke [Official Video],9-h7ltwACLs
15,Kiss Daniel | Mama [Official Video],YNr3t1vOv2M
16,R2Bees ft. Wizkid - Tonight (OFFICIAL VIDEO),GcQSo0mrjBo
17,WIZKID'S BEST PERFOMANCE AT ONE AFRICA MUSIC FEST 2016,L-fRxuBtHGs
19,Teknomiles - Duro [Official Video],TlJ33-6tPTE
1,Dotman - Akube [Viral Video],HeTdV4U7LwU
5,Vybz Kartel  - Fever,301RCTYVXuk
6,Maleek Berry - Eko Miami ft. Geko (Official Video),047xGplGP4o
8,Maleek Berry - 4 Me (Official Video),3pLc_ZzXagQ
13,Korede Bello - Do Like That,5VVdLympnQE
14,Summer Special Vibes Mix 2017 - Best Of Deep House Sessions Music 2017 Chill Out Mix by Drop G,7yE-8DOZIek
3,The Best Of Summer Deep House Mix & Vocal Chill Out Music 2017 #20 Mixed By XYPO,VryNKWuHKfU
4,SUMMER SPECIAL SUNSET MIX 2017 üå¥ BEST TROPICAL DEEP HOUSE MUSIC CHILL OUT MIX 2017 üå¥,UohLf5pReXs
6,"Martin Garrix, Kygo ft. Ellie Goulding - Summer Special New Mix",sEcuDNrYr4U
7,"Kygo,The Chainsmokers ft. The Weeknd - Best Time  (Summer New Best Tropical Deep House Mix 2017)",tSdQsD5zJX4
8,Best Mixes of Popular Songs 2017 vol #2 ‚û§ Deep House ‚ô™ Tropical House ‚ô™ Chill Out Mix 2017‚òÖ,CFXOXrzYetI
9,Summer Wonderful Days Mix 2017 - Best of Vocal Deep House & Nu Disco Hits Mix 2017,luO3zzxBibI
10,Deep House 2017 ‚ú≠ Back to IBIZA Lounge Mix,--Kw56L01Zo
11,"Best Summer Mix 2017 (Kygo, Alok, Vintage Culture, Cat Dealers)",aLEdiW79a80
12,SUMMER NEW MIX | BEST OF DEEP HOUSE CHILL OUT MIX | KYGO MIX 2017,c_gw6ix8tTA
13,Before Sunset üå¥ 2017 üå¥ Best Of Vocal Deep House Mix 2017 Super Chill Music,HFK5rzqzUjo
14,Minimal | Minimal House | Minimal Techno 2017 Mix Special 50k Subscribe by Patrick Slayer,VpYZafQz5Us
15,"Kygo,The Chainsmokers & Alan Walker ft. Selena Gomez - Best Deep Tropical House Summer Mix 2017",c_d5VgSZRiA
16,Summer Special Favorite Mix 2017 - Best Of Deep House Sessions Music 2017 Chill Out Mix by Drop G,e2TY9FZJAng
17,Summer Special Super Mix 2017 - Best Of Deep House Sessions Music 2017 Chill Out Mix by Drop G,r0haWB1Uezk
18,Summer Special Super Mix -  Best Of Deep House Music 2017,ckZ1lmb3ylk
19,Summer Deep House Mix 2017‚òÖBest Of Vocal Deep House 2017 ‚òÖChill Out Mix Music#44,fmKBcClgG1I
